Day,Date,Post_Time (UTC),Platform,Content_Pillar,Banner_Visual_Idea(use json prompt),Caption,Hastag,Goal,Asset_Due_Date
1,10-Sep-2025,07:00,Twitter/Telegram,Mecha Showcase,"{ 'type': 'banner', 'style': 'cinematic, hyper-realistic, UE5 render', 'subject': 'A fully customized, heroic-looking mecha robot', 'details': ['Matte white and gold armor plating', 'Glowing blue energy lines on the chassis', 'Standing in a powerful heroic pose', 'Background is a dark, gritty industrial hangar with faint volumetric lighting'], 'composition': 'dynamic low-angle shot, full body', 'aspect_ratio': '16:9' }",Pilots, assemble. Your Mecha is your identity. What's the first component you're upgrading?,#MechaConquest #Web3Gaming #P2E #UE5,Engagement,08-Sep-2025
1,10-Sep-2025,14:00,Twitter/Telegram,Community Engagement,"{ 'type': 'image', 'style': 'stylized digital art', 'subject': 'A futuristic pilot helmet', 'details': ['Sleek design, dark metal', 'The community is reflected in the visor', 'Text overlay on image: ""REPORT FOR DUTY""'], 'composition': 'close-up shot', 'aspect_ratio': '1:1' }",You've just landed in the cockpit. First mission: sound off in the comments! Where are you from, pilot? ðŸŒŽ,#MechaCommunity #GameFi,Community Building,08-Sep-2025
2,11-Sep-2025,07:00,Twitter/Telegram,Mecha Customization,"{ 'type': 'banner', 'style': 'clean, infographic style, 3D render', 'subject': 'Four different shoulder-mounted cannons', 'details': ['Displayed in a 2x2 grid', 'Each cannon has a unique design: one sleek, one bulky, one energy-based, one projectile-based', 'Labeled A, B, C, D'], 'composition': 'studio lighting, focused on details', 'aspect_ratio': '16:9' }",Choose your weapon. The right cannon can change the tide of battle. Which one are you taking? ðŸ‘‡,#NFTGaming #Mecha #Crypto,Engagement,09-Sep-2025
2,11-Sep-2025,14:00,Twitter/Telegram,Community Engagement,"{ 'type': 'meme_format', 'style': 'Distracted Boyfriend meme', 'subject': 'Meme recreation', 'details': ['Boyfriend label: ""A Gamer""', 'Girlfriend label: ""Other Games""', 'Woman in red label: ""A slick Mecha Conquest robot""'], 'composition': 'standard meme layout', 'aspect_ratio': '16:9' }",It's okay, we get it. ðŸ˜‰,#MechaMemes #Gaming #P2E,Humor/Virality,09-Sep-2025
3,12-Sep-2025,07:00,Twitter/Telegram,Lore & World-Building,"{ 'type': 'image', 'style': 'stylized, futuristic map, digital painting', 'subject': 'A sector of the game universe map', 'details': ['Shows nebulae, asteroid fields, and planets', 'A prominent faction logo (e.g., a Phoenix) is highlighted', 'Text overlay: ""The Vesper Nebula""'], 'composition': 'top-down view', 'aspect_ratio': '16:9' }",Lore Drop ðŸ“œ: The Vesper Nebula. A graveyard of ancient Mechas... and a hotbed for rare parts. Would you risk it all for a legendary upgrade?,#MechaLore #Worldbuilding,Hype/Education,10-Sep-2025
3,12-Sep-2025,14:00,Twitter/Telegram,Gameplay & Strategy,"{ 'type': 'gif', 'style': 'in-game footage, UE5 render, high-action', 'subject': 'A Mecha activating a defensive ability', 'details': ['A massive blue energy shield materializes around the Mecha', 'An incoming missile impacts the shield and explodes harmlessly', 'Looping 5-second clip'], 'composition': 'dynamic side-view', 'aspect_ratio': '16:9' }",A good defense is the best offense. What other defensive abilities do you want to see?,#Gameplay #UE5 #P2E,Feedback/Engagement,10-Sep-2025
4,13-Sep-2025,07:00,Twitter/Telegram,Community Engagement,"{ 'type': 'poll_image', 'style': 'dramatic, close-up, 3D render', 'subject': 'The inside of a Mecha cockpit', 'details': ['Shows complex holographic displays and controls', 'The pilot's hands are gripping the joysticks'], 'composition': 'first-person point of view', 'aspect_ratio': '16:9' }",POLL: As a pilot, what's more important?,#Mecha #Strategy #GameFi,Engagement,11-Sep-2025
4,13-Sep-2025,14:00,Twitter/Telegram,Mecha Showcase,"{ 'type': 'banner', 'style': 'clean, showcase, 3D render', 'subject': 'Three different mecha leg types side-by-side', 'details': ['1. Standard bipedal legs', '2. Reverse-joint legs for agility', '3. Heavy tank treads for stability'], 'composition': 'studio lighting on a clean background', 'aspect_ratio': '16:9' }",Your foundation matters. Bipedal, Reverse-Joint, or Treads? What's your playstyle?,#MechaConquest #NFTs #GameFi,Education/Engagement,11-Sep-2025
5,14-Sep-2025,07:00,Twitter/Telegram,Community Engagement,"{ 'type': 'image', 'style': 'simple graphic design', 'subject': 'Text-based banner', 'details': ['Bold text: ""SHOW US YOUR MECHA INSPIRATION""', 'Mecha Conquest logo in the corner', 'Clean, futuristic background'], 'composition': 'centered text', 'aspect_ratio': '16:9' }",Every pilot has a dream build. Post a pic/GIF of your favorite mecha from any anime, movie, or game. Let's see your inspiration! ðŸ‘‡,#Mecha #Gundam #MechWarrior,Community Interaction,12-Sep-2025
5,14-Sep-2025,14:00,Twitter/Telegram,Web3/NFT Angle,"{ 'type': 'infographic', 'style': 'clean, UI design', 'subject': 'An NFT card for a weapon part', 'details': ['Shows a 3D model of the weapon', 'Stats are clearly listed: ""Damage: 92"", ""Rarity: Legendary"", ""Perk: +5% Energy Dmg""', 'Holographic, futuristic card design'], 'composition': 'centered object', 'aspect_ratio': '1:1' }",It's not just a weapon, it's YOUR weapon. In Mecha Conquest, true ownership means you control the market.,#OwnYourAssets #Web3 #NFT,Education,12-Sep-2025
6,15-Sep-2025,07:00,Twitter/Telegram,Gameplay & Strategy,"{ 'type': 'banner', 'style': 'dramatic, confrontational, 3D render', 'subject': 'Two mechas facing off', 'details': ['Left side: a lightweight, sleek mecha in a nimble pose', 'Right side: a heavy, bulky mecha with large weapons', 'Text overlay: ""SPEED VS. POWER""'], 'composition': 'versus screen style', 'aspect_ratio': '16:9' }",The eternal question. In a 1v1 battle, who are you betting on? The nimble scout or the heavy brawler? ðŸ¤”,#PvP #Mecha #Strategy,Engagement,13-Sep-2025
6,15-Sep-2025,14:00,Twitter/Telegram,Community Engagement,"{ 'type': 'image', 'style': 'funny, 3D render', 'subject': 'A tiny maintenance robot and a giant mecha', 'details': ['A small, cute cleaning bot is attempting to polish the enormous foot of a battle-worn mecha', 'Text bubble overlay: ""Caption This!""'], 'composition': 'comedic scale difference', 'aspect_ratio': '1:1' }",You know the drill. Best caption wins bragging rights. Go! ðŸ˜‚,#CaptionThis #MechaCommunity,Humor/Engagement,13-Sep-2025
7,16-Sep-2025,07:00,Twitter/Telegram,Announcements,"{ 'type': 'teaser_banner', 'style': 'mysterious, sleek, dark theme', 'subject': 'A glowing question mark', 'details': ['A single spotlight illuminates a futuristic question mark', 'Dark, minimalist background', 'Text overlay: ""NEW INTEL INCOMING. 72 HOURS.""'], 'composition': 'centered, high contrast', 'aspect_ratio': '16:9' }",Transmission incoming. Stand by for a major systems update. You're not going to want to miss this. Turn on notifications! ðŸ””,#MechaConquest #Announcement,Hype,14-Sep-2025
7,16-Sep-2025,14:00,Twitter/Telegram,Mecha Showcase,"{ 'type': 'showcase', 'style': 'colorful, detailed, 3D render', 'subject': 'The same mecha model with different cosmetic skins', 'details': ['Grid of 4 images showing different paint jobs: one camo, one neon, one chrome, one with custom decals'], 'composition': 'comparison view', 'aspect_ratio': '16:9' }",Battle scars or pristine paint? How will you customize your Mecha's look? Show us your style.,#Customization #NFTGaming #P2E,Engagement,14-Sep-2025
8,17-Sep-2025,07:00,Twitter/Telegram,Announcements,"{ 'type': 'teaser_banner', 'style': 'mysterious, sleek, tech theme', 'subject': 'A loading bar', 'details': ['A futuristic loading bar is shown at 65% full', 'Glitched text effect', 'Text overlay: ""TRANSMISSION DECRYPTION: 65%... 48 HOURS.""'], 'composition': 'minimalist', 'aspect_ratio': '16:9' }",Our tech-priests are working on it. The signal is getting clearer. Something big is on the horizon.,#MechaConquest #Hype,Hype,15-Sep-2025
8,17-Sep-2025,14:00,Twitter/Telegram,Lore & World-Building,"{ 'type': 'image', 'style': 'detailed, vibrant, digital painting', 'subject': 'A bustling, futuristic mecha hangar bay', 'details': ['Pilots and engineers are working on several mechas', 'Sparks from welding, holographic blueprints are visible', 'Sense of scale and activity'], 'composition': 'wide shot, environmental storytelling', 'aspect_ratio': '16:9' }",The Hangar: Your sanctuary. This is where legends are built, one component at a time. What music is on your workshop playlist? ðŸŽµ,#MechaLore #Immersion,Community Interaction,15-Sep-2025
9,18-Sep-2025,07:00,Twitter/Telegram,Announcements,"{ 'type': 'teaser_banner', 'style': 'urgent, high-tech, sleek', 'subject': 'A locked signal', 'details': ['An audio waveform visual with a large ""LOCKED"" icon over it', 'Red alert aesthetic', 'Text overlay: ""SIGNAL LOCKED. BROADCAST IN 24 HOURS.""'], 'composition': 'centered, high contrast', 'aspect_ratio': '16:9' }",Final checks complete. All systems nominal. Prepare for drop. See you tomorrow, pilots.,#MechaConquest #BigNews,Hype,16-Sep-2025
9,18-Sep-2025,14:00,Twitter/Telegram,Community Engagement,"{ 'type': 'image', 'style': 'detailed, sci-fi, 3D render', 'subject': 'A complex, glowing energy core', 'details': ['Intricate wiring and pulsating energy', 'Looks powerful and mysterious'], 'composition': 'macro close-up shot', 'aspect_ratio': '1:1' }",What is this? Wrong answers only.,#Web3Gaming #MechaMemes,Humor/Engagement,16-Sep-2025
10,19-Sep-2025,07:00,Twitter/Telegram,Announcements,"{ 'type': 'announcement_banner', 'style': 'explosive, dynamic, action-packed', 'subject': 'Two mechas battling in an arena', 'details': ['One mecha is dodging a laser blast from another', 'Sparks and debris are flying', 'Bold text overlay: ""ARENA MODE IS HERE""'], 'composition': 'action shot', 'aspect_ratio': '16:9' }",THE TIME IS NOW! Introducing ARENA MODE. Pure 1v1 and 3v3 PvP combat. Glory and rewards await. Watch the trailer now! [LINK],#MechaConquest #PvP #Launch,Major Announcement,17-Sep-2025
10,19-Sep-2025,14:00,Twitter/Telegram,Community Engagement,"{ 'type': 'reaction_image', 'style': 'in-game screenshot, 3D render', 'subject': 'A mecha pilot inside the cockpit giving a thumbs up', 'details': ['The pilot is looking towards the camera', 'Holographic displays are visible in the background', 'Text overlay: ""WHAT DO YOU THINK?""'], 'composition': 'first-person view', 'aspect_ratio': '1:1' }",You've seen the news. We want to hear from YOU. What are you most excited about with the new Arena Mode? Let us know! ðŸ‘‡,#CommunityFeedback #GameDev,Feedback/Engagement,17-Sep-2025
11,20-Sep-2025,07:00,Twitter/Telegram,Gameplay & Strategy,"{ 'type': 'infographic', 'style': 'sleek, UI/UX design', 'subject': 'The Arena Mode ranking system', 'details': ['Shows icons for ranks: Bronze, Silver, Gold, Platinum, Grandmaster', 'A clear progression path is shown with arrows'], 'composition': 'clean layout, informational', 'aspect_ratio': '16:9' }",Arena Mode Deep Dive #1: The Ranking System. Climb the ladder from Bronze to Grandmaster. Every win counts. Are you ready for the grind?,#MechaConquest #Esports,Education,18-Sep-2025
11,20-Sep-2025,14:00,Twitter/Telegram,Mecha Showcase,"{ 'type': 'image', 'style': 'cinematic, triumphant, UE5 render', 'subject': 'A mecha standing victoriously in the arena', 'details': ['The mecha has visible battle damage', 'It is standing over the wreckage of a defeated opponent', 'Confetti and spotlights from the arena ceiling'], 'composition': 'low-angle shot', 'aspect_ratio': '16:9' }",The victor's circle. Tag the squad you're taking into the 3v3 arena.,#SquadGoals #Gaming #P2E,Engagement,18-Sep-2025
12,21-Sep-2025,07:00,Twitter/Telegram,Community Engagement,"{ 'type': 'poll_image', 'style': 'split-screen, action-oriented', 'subject': '1v1 vs 3v3 combat', 'details': ['Left side shows a single mecha in a dramatic pose', 'Right side shows a squad of three mechas advancing together', 'Text overlay: ""1V1 OR 3V3?""'], 'composition': 'comparison style', 'aspect_ratio': '16:9' }",POLL: Which Arena bracket will you dominate first? [Option 1: 1v1 - Lone Wolf] [Option 2: 3v3 - Team Player],#MechaConquest #PvP,Engagement,19-Sep-2025
12,21-Sep-2025,14:00,Twitter/Telegram,Mecha Customization,"{ 'type': 'showcase', 'style': 'detailed, studio lighting, 3D render', 'subject': 'A heavy ""Juggernaut"" mecha build', 'details': ['Features thick armor plating, a large tower shield, and short-range weapons like a shotgun or hammer', 'Looks imposing and durable'], 'composition': 'three-quarter view', 'aspect_ratio': '1:1' }",The Juggernaut build. Perfect for controlling the center of the arena. What's your ultimate arena build?,#MechaBuilds #NFTGaming,Strategy/Education,19-Sep-2025
13,22-Sep-2025,07:00,Twitter/Telegram,Gameplay & Strategy,"{ 'type': 'infographic', 'style': 'simple, educational', 'subject': 'A pro-tip for the Industrial Arena map', 'details': ['A top-down map of the arena is shown', 'A specific area with steam vents is highlighted', 'Text overlay: ""Pro-Tip: Use steam vents for temporary cover!""'], 'composition': 'clear and informative layout', 'aspect_ratio': '16:9' }",Knowledge is power. What other environmental interactions would you like to see in our arenas?,#GameDev #Mecha,Feedback/Engagement,20-Sep-2025
13,22-Sep-2025,14:00,Twitter/Telegram,Community Engagement,"{ 'type': 'meme_format', 'style': 'The Office ""It's the same picture"" meme', 'subject': 'Meme recreation', 'details': ['Left picture: A regular gamer at a desk', 'Right picture: A god-tier mecha pilot in a cockpit', 'Pam Beesly text: ""They're the same picture""'], 'composition': 'standard meme layout', 'aspect_ratio': '16:9' }",It's all about the pilot.,#MechaMemes #GamingCommunity,Humor,20-Sep-2025
14,23-Sep-2025,07:00,Twitter/Telegram,Web3/NFT Angle,"{ 'type': 'showcase', 'style': 'prestigious, ornate, 3D render', 'subject': 'An exclusive NFT trophy for Arena champions', 'details': ['A golden, winged mecha statue on a marble pedestal', 'Holographic effect, glowing particles', 'Looks extremely rare and valuable'], 'composition': 'centered, studio lighting', 'aspect_ratio': '1:1' }",Only the best of the best will earn this. Arena champions will win exclusive, tradable NFT trophies. Think you have what it takes?,#PlayToEarn #Web3,Hype/Incentive,21-Sep-2025
14,23-Sep-2025,14:00,Twitter/Telegram,Mecha Showcase,"{ 'type': 'showcase', 'style': 'esports, vibrant, 3D render', 'subject': 'A mecha with esports team customization', 'details': ['The mecha is painted in dynamic team colors (e.g., blue and yellow)', 'Features logos and sponsor decals on its armor'], 'composition': 'action pose', 'aspect_ratio': '16:9' }",Rep your team. Full decal and color customization will let you bring your squad's identity to the battlefield.,#Esports #Mecha #Customization,Hype,21-Sep-2025
15,24-Sep-2025,07:00,Twitter/Telegram,Community Engagement,"{ 'type': 'image', 'style': 'heartwarming, cute, digital art', 'subject': 'A massive mecha pilot with a tiny companion drone', 'details': ['A giant pilot in a suit is holding out a hand', 'A small, floating, friendly-looking drone hovers above the palm'], 'composition': 'focused on interaction', 'aspect_ratio': '1:1' }",Even pilots need a companion. If your Mecha could have ONE non-combat pet/drone, what would it be?,#MechaConquest #Community,Fun/Engagement,22-Sep-2025
15,24-Sep-2025,14:00,Twitter/Telegram,Lore & World-Building,"{ 'type': 'character_art', 'style': 'badass, legendary, digital painting', 'subject': 'Portrait of a legendary NPC pilot, Kaito', 'details': ['A scarred, veteran pilot with a confident smirk', 'Stands in front of his signature sleek, black mecha, ""Wraith""', 'Text overlay: ""Kaito, the Ghost of the Arena""'], 'composition': 'character spotlight', 'aspect_ratio': '16:9' }",Meet 'Kaito', the Ghost of the Arena. The first-ever Grandmaster. They say his Mecha, 'Wraith', was never even scratched.,#MechaLore #Legends,World-Building,22-Sep-2025
16,25-Sep-2025,07:00,Twitter/Telegram,Gameplay & Strategy,"{ 'type': 'gif', 'style': 'high-action, in-game footage, cinematic', 'subject': 'A mecha performing an ultimate ability', 'details': ['The mecha charges up, glowing intensely', 'Unleashes a massive laser beam that obliterates a target dummy', 'Explosive, satisfying effects', 'Looping 5-second clip'], 'composition': 'over-the-shoulder shot', 'aspect_ratio': '16:9' }",That's gonna leave a mark. What would you name this ultimate ability?,#Gameplay #UE5 #P2E,Engagement,23-Sep-2025
16,25-Sep-2025,14:00,Twitter/Telegram,Community Engagement,"{ 'type': 'poll_image', 'style': 'split-screen, concept art', 'subject': 'Melee vs. Sniper weapons', 'details': ['Left side shows concept art for a giant energy sword and a warhammer', 'Right side shows concept art for a massive anti-materiel sniper rifle'], 'composition': 'comparison style', 'aspect_ratio': '16:9' }",POLL: What kind of new weapon class should we develop next?,#GameDev #Community,Feedback,23-Sep-2025
17,26-Sep-2025,07:00,Twitter/Telegram,Mecha Showcase,"{ 'type': 'image', 'style': 'cyberpunk, atmospheric, UE5 render', 'subject': 'A mecha in a futuristic city at night', 'details': ['The mecha is standing on a rooftop', 'Illuminated by neon signs and advertisements', 'Rain is falling, creating reflections on the wet surfaces'], 'composition': 'wide shot, cinematic', 'aspect_ratio': '16:9' }",Cyberpunk vibes. What's the name of this Mecha?,#MechaConquest #NFT,Engagement,24-Sep-2025
17,26-Sep-2025,14:00,Twitter/Telegram,Community Engagement,"{ 'type': 'meme_format', 'style': 'Drake ""Hotline Bling"" meme', 'subject': 'Meme recreation', 'details': ['Drake disapproving text: ""Grinding for hours for non-tradable items""', 'Drake approving text: ""Playing to EARN and owning your NFT assets""'], 'composition': 'standard meme layout', 'aspect_ratio': '1:1' }",You know the vibes.,#P2E #Web3 #NFTGaming,Humor/Education,24-Sep-2025
18,27-Sep-2025,07:00,Twitter/Telegram,Announcements,"{ 'type': 'announcement_banner', 'style': 'professional, community-focused', 'subject': 'AMA Announcement', 'details': ['Photos of the lead developers', 'Mecha Conquest logo', 'Bold text overlay: ""ASK ME ANYTHING - LIVE WITH THE DEVS""'], 'composition': 'clean, informative layout', 'aspect_ratio': '16:9' }",We've heard your questions. Now it's time for answers. Join us for a live AMA on [Date/Time] on our Discord!,#AMA #GameDev #MechaConquest,Community Building,25-Sep-2025
18,27-Sep-2025,14:00,Twitter/Telegram,Mecha Customization,"{ 'type': 'showcase', 'style': 'detailed, immersive, 3D render', 'subject': 'Four different mecha cockpit interiors', 'details': ['Displayed in a 2x2 grid', 'Designs range from minimalist/sleek to complex/industrial', 'Shows the first-person view from each'], 'composition': 'comparison view', 'aspect_ratio': '16:9' }",The pilot's throne. This is where you'll command your war machine. Which cockpit view is yours? A, B, C, or D?,#Immersion #Mecha,Engagement,25-Sep-2025
19,28-Sep-2025,07:00,Twitter/Telegram,Web3/NFT Angle,"{ 'type': 'infographic', 'style': 'simple, flowchart design', 'subject': 'How Play-to-Earn works', 'details': ['Simple icons and arrows', 'Flow: 1. Win Battles -> 2. Earn Tokens/NFTs -> 3. Trade on Marketplace -> 4. Profit!'], 'composition': 'easy to understand', 'aspect_ratio': '1:1' }",It's simple. Your skill has real-world value. That's the power of Web3 gaming.,#PlayToEarn #Crypto #GameFi,Education,26-Sep-2025
19,28-Sep-2025,14:00,Twitter/Telegram,Community Engagement,"{ 'type': 'image', 'style': 'split-screen, concept art', 'subject': 'Two different mecha aesthetics', 'details': ['Left side: A sleek, agile mecha inspired by Japanese anime', 'Right side: A bulky, gritty, industrial mecha inspired by Western designs'], 'composition': 'this or that style', 'aspect_ratio': '16:9' }",This or That: What's your preferred Mecha aesthetic? Sleek & agile or bulky & industrial?,#Mecha #ArtStyle,Engagement,26-Sep-2025
20,29-Sep-2025,07:00,Twitter/Telegram,Lore & World-Building,"{ 'type': 'image', 'style': 'mysterious, sci-fi, 3D render', 'subject': 'A mysterious alien artifact', 'details': ['A floating crystalline object with strange glyphs', 'It's emitting a faint, pulsating light', 'Dark, cave-like background'], 'composition': 'close-up shot', 'aspect_ratio': '1:1' }",Lore Drop ðŸ“œ: The 'Nexus Core'. An artifact of unknown origin. They say it can overclock any Mecha's systems to dangerous levels.,#MechaLore #SciFi,World-Building/Hype,27-Sep-2025
20,29-Sep-2025,14:00,Twitter/Telegram,Gameplay & Strategy,"{ 'type': 'gif', 'style': 'in-game footage, fast-paced', 'subject': 'A mecha using a grappling hook', 'details': ['The mecha fires a grappling hook at a tall building', 'It quickly pulls itself to the rooftop, demonstrating high mobility', 'Looping 4-second clip'], 'composition': 'action shot', 'aspect_ratio': '16:9' }",Mobility is key. The Grapple Shot allows pilots to traverse the arena and get the drop on enemies.,#Gameplay #Mecha #PvP,Education/Hype,27-Sep-2025
21,30-Sep-2025,07:00,Twitter/Telegram,Mecha Showcase,"{ 'type': 'image', 'style': 'community feature, concept art', 'subject': 'A piece of community-submitted mecha concept art', 'details': ['Showcases the artwork clearly', 'Text overlay: ""COMMUNITY SPOTLIGHT"" and the creator's username'], 'composition': 'focus on the art', 'aspect_ratio': '1:1' }",Community Spotlight! We love seeing your ideas. This awesome concept for the 'Stingray' build comes from [Username]! Should we make it real?,#MechaCommunity #ConceptArt,Community Appreciation,28-Sep-2025
21,30-Sep-2025,14:00,Twitter/Telegram,Community Engagement,"{ 'type': 'image', 'style': 'celebratory, graphic design', 'subject': 'A thank you banner', 'details': ['A cool graphic of multiple mechas standing together', 'Bold text overlay: ""THANK YOU, PILOTS!""', 'Shows a community growth metric, e.g., ""10,000 STRONG""'], 'composition': 'dynamic and positive', 'aspect_ratio': '16:9' }",We're just getting started, but we couldn't do it without you. Thank you for being the best community in Web3! What's been your favorite part so far?,#Community #ThankYou,Appreciation,28-Sep-2025
22,01-Oct-2025,07:00,Twitter/Telegram,Gameplay & Strategy,"{ 'type': 'infographic', 'style': 'tactical, top-down view', 'subject': 'A map of the ""Quarry"" arena', 'details': ['The map is shown with strategic markings', 'Arrows indicate common flanking routes and key positions', 'Text overlay: ""ARENA TACTICS 101""'], 'composition': 'clear, blueprint style', 'aspect_ratio': '16:9' }",Arena Intel: The 'Quarry' map has three main lanes. Controlling the high ground in the center is crucial for victory. What's your opening move?,#Strategy #Gaming #PvP,Education,29-Sep-2025
22,01-Oct-2025,14:00,Twitter/Telegram,Mecha Customization,"{ 'type': 'image', 'style': 'technical, close-up, 3D render', 'subject': 'A mecha's energy core in its chest cavity', 'details': ['The chest plates are open, revealing the glowing, intricate engine', 'Sparks of energy are visible'], 'composition': 'macro shot', 'aspect_ratio': '1:1' }",The heart of the machine. Would you prioritize a core that provides more energy for weapons, or one that allows for faster recharges?,#MechaBuilds #GameFi,Engagement,29-Sep-2025
23,02-Oct-2025,07:00,Twitter/Telegram,Announcements,"{ 'type': 'teaser_banner', 'style': 'mysterious, silhouette', 'subject': 'A partnership teaser', 'details': ['On the left, a silhouette of a mecha. On the right, a silhouette of a well-known gaming influencer.', 'A ""VS"" symbol between them', 'Text overlay: ""A NEW CHALLENGER APPROACHES""'], 'composition': 'high contrast, minimalist', 'aspect_ratio': '16:9' }",Get ready, pilots. A new contender is entering the Mecha Conquest arena soon. Can you guess who it is?,#Partnership #Web3,Hype,30-Sep-2025
23,02-Oct-2025,14:00,Twitter/Telegram,Community Engagement,"{ 'type': 'meme_format', 'style': 'Sweating Towel Guy meme', 'subject': 'Meme recreation', 'details': ['The guy is looking nervously at two buttons', 'Button 1: ""Save Money""', 'Button 2: ""Buy new legendary Mecha Part NFT""'], 'composition': 'standard meme layout', 'aspect_ratio': '1:1' }",It's an investment in future glory, right?,#NFT #MechaMemes #Crypto,Humor,30-Sep-2025
24,03-Oct-2025,07:00,Twitter/Telegram,Web3/NFT Angle,"{ 'type': 'infographic', 'style': 'simple, UI/UX design', 'subject': 'The ""Scrapping"" mechanic', 'details': ['Shows 3 common weapon part NFTs on the left', 'An arrow points to a central ""SCRAP"" icon', 'An arrow points to a single ""Crafting Material"" icon on the right'], 'composition': 'easy to understand flowchart', 'aspect_ratio': '16:9' }",Your old parts are never useless. Scrap unwanted NFTs to get materials for crafting even better gear.,#NFTUtility #PlayToEarn,Education,01-Oct-2025
24,03-Oct-2025,14:00,Twitter/Telegram,Community Engagement,"{ 'type': 'image', 'style': 'visionary, expansive, digital painting', 'subject': 'A glimpse of the Mecha Conquest metaverse', 'details': ['Shows a vast futuristic city with social hubs', 'Mechas are walking around peacefully, not in combat', 'Holographic advertisements and player housing are visible in the distance'], 'composition': 'wide, establishing shot', 'aspect_ratio': '16:9' }",Beyond the arena, a universe awaits. Player housing? Social hubs? Giant world bosses? Dream big. We're listening.,#Metaverse #GameDev,Feedback,01-Oct-2025
25,04-Oct-2025,07:00,Twitter/Telegram,Lore & World-Building,"{ 'type': 'image', 'style': 'gritty, sci-fi western', 'subject': 'A futuristic wanted poster', 'details': ['The poster is displayed on a flickering holographic screen', 'Shows the face of a rogue pilot named ""Viper""', 'Text lists his crimes: ""Illegal Arena Rigging, Parts Smuggling""'], 'composition': 'in-world feel', 'aspect_ratio': '1:1' }",Bounty Board ðŸ’°: 'Viper' is wanted for illegal arena rigging. Last seen near the asteroid belt. Approach with extreme caution.,#MechaLore #Bounty,World-Building,02-Oct-2025
25,04-Oct-2025,14:00,Twitter/Telegram,Mecha Showcase,"{ 'type': 'image', 'style': 'sleek, stealthy, UE5 render', 'subject': 'A stealth-focused mecha', 'details': ['The mecha has a dark, non-reflective paint job and a slender frame', 'It is posed in a crouch on a rooftop at night', 'Parts of it appear to be semi-transparent, hinting at cloaking tech'], 'composition': 'dynamic pose', 'aspect_ratio': '16:9' }",Sometimes, the deadliest weapon is the one you never see coming. Who here is running a stealth build?,#MechaConquest #NFTGaming,Engagement,02-Oct-2025
26,05-Oct-2025,07:00,Twitter/Telegram,Community Engagement,"{ 'type': 'poll_image', 'style': 'clean, graphic design', 'subject': 'Community event poll', 'details': ['Simple icons represent the two options', 'Left icon: A paintbrush and mecha silhouette (Design Contest)', 'Right icon: A ""Play"" button and developer icon (Gameplay Livestream)'], 'composition': 'clear and simple', 'aspect_ratio': '16:9' }",POLL: What kind of community event should we run next?,#Community #MechaEvents,Feedback,03-Oct-2025
26,05-Oct-2025,14:00,Twitter/Telegram,Gameplay & Strategy,"{ 'type': 'gif', 'style': 'high-skill, in-game footage', 'subject': 'A mecha performing a counter-move', 'details': ['An enemy fires a missile', 'The player's mecha performs a quick move, grabbing the missile out of the air', 'It then throws the missile back at the enemy', 'Looping 5-second clip'], 'composition': 'cinematic action shot', 'aspect_ratio': '16:9' }",Return to sender. Mastering counter-abilities will separate the good pilots from the great ones.,#SkillBased #Gameplay #UE5,Hype,03-Oct-2025
27,06-Oct-2025,07:00,Twitter/Telegram,Mecha Showcase,"{ 'type': 'image', 'style': 'beautiful, atmospheric, digital painting', 'subject': 'A mecha watching a sunset on an alien planet', 'details': ['The mecha is sitting peacefully on a cliff edge', 'The sky has two suns and is colored orange and purple', 'A sense of calm and wonder'], 'composition': 'wide landscape shot', 'aspect_ratio': '16:9' }",Even a war machine can appreciate the view. What's the name of this planet?,#MechaConquest #Art #SciFi,Engagement,04-Oct-2025
27,06-Oct-2025,14:00,Twitter/Telegram,Community Engagement,"{ 'type': 'meme_format', 'style': 'Galaxy Brain / Expanding Brain meme', 'subject': 'Meme recreation', 'details': ['Panel 1: ""Using standard weapons"" (small brain)', 'Panel 2: ""Customizing your Mecha"" (normal brain)', 'Panel 3: ""Winning exclusive NFTs"" (glowing brain)', 'Panel 4: ""Becoming a legend in the lore"" (galaxy brain)'], 'composition': 'standard meme layout', 'aspect_ratio': '1:1' }",There are levels to this.,#MechaMemes #P2E #Web3,Humor/Education,04-Oct-2025
28,07-Oct-2025,07:00,Twitter/Telegram,Announcements,"{ 'type': 'announcement_banner', 'style': 'rewarding, exciting, graphic design', 'subject': 'A giveaway or airdrop announcement', 'details': ['A graphic of a special decal/skin NFT', 'Bold text: ""PILOT REWARD PROGRAM INITIATED""'], 'composition': 'eye-catching and clear', 'aspect_ratio': '16:9' }",Your service does not go unnoticed. We're airdropping an exclusive 'First Pilot' decal to all our early supporters. Details on how to qualify coming soon.,#Airdrop #NFT #Community,Hype/Reward,05-Oct-2025
28,07-Oct-2025,14:00,Twitter/Telegram,Lore & World-Building,"{ 'type': 'image', 'style': 'mysterious, horror, sci-fi', 'subject': 'A datapad with a corrupted message', 'details': ['A close-up of a futuristic datapad screen', 'The message is glitched and hard to read: ""The...signal...it's not...human...""', 'Static and error symbols flicker on the screen'], 'composition': 'found footage style', 'aspect_ratio': '1:1' }",A strange signal has been detected on the edge of the system. Our comms officers can't decode it. What do you think it is?,#MechaLore #Mystery,Hype/Engagement,05-Oct-2025
29,08-Oct-2025,07:00,Twitter/Telegram,Web3/NFT Angle,"{ 'type': 'infographic', 'style': 'simple, UI/UX design', 'subject': 'Connecting a wallet to the marketplace', 'details': ['Shows three simple steps: 1. A wallet icon -> 2. A ""Connect"" button -> 3. The Mecha Conquest marketplace UI'], 'composition': 'clean and easy to follow', 'aspect_ratio': '16:9' }",Your wallet. Your hangar. Seamlessly connect and trade your Mecha parts on our decentralized marketplace.,#Web3 #Decentralized #GameFi,Education,06-Oct-2025
29,08-Oct-2025,14:00,Twitter/Telegram,Community Engagement,"{ 'type': 'image', 'style': 'creative, collaborative, graphic design', 'subject': 'A blank faction banner', 'details': ['A template for a futuristic banner with empty space for a logo and faction name', 'Text overlay: ""CREATE YOUR FACTION""'], 'composition': 'template style', 'aspect_ratio': '16:9' }",The universe is expanding, and we want you to help build it. Drop your best ideas for a new faction below! Name, logo, philosophy - go!,#Worldbuilding #Community #GameDev,Feedback/Interaction,06-Oct-2025
30,09-Oct-2025,07:00,Twitter/Telegram,Gameplay & Strategy,"{ 'type': 'showcase', 'style': 'team-oriented, 3D render', 'subject': 'A support-class mecha in action', 'details': ['The ""Aegis"" mecha is shown projecting a large, protective bubble shield over two smaller, damaged teammates', 'It might also have a repair drone flying near an ally'], 'composition': 'action shot focused on teamwork', 'aspect_ratio': '16:9' }",Not all heroes carry the biggest guns. The 'Aegis' class Mecha is the backbone of any successful 3v3 team. Who's playing support?,#Teamwork #Strategy #Mecha,Education,07-Oct-2025
30,09-Oct-2025,14:00,Twitter/Telegram,Announcements,"{ 'type': 'teaser_banner', 'style': 'epic, mysterious, cinematic', 'subject': 'Silhouette of a giant, world-boss mecha', 'details': ['A colossal mecha silhouette looms over a mountain range, dwarfing everything', 'Only its glowing red eyes are visible', 'Text overlay: ""THE REAL BATTLES ARE YET TO COME""'], 'composition': 'sense of immense scale', 'aspect_ratio': '16:9' }",The arena was just training. Prepare for the next phase of the conquest. Thank you for an amazing month, pilots. The future is bright.,#MechaConquest #Roadmap #Hype,Future Tease,07-Oct-2025